name,pos,club,fantasy_id
Harry Sheezel,MID/FWD,NTH,1023518
Nasiah Wanganeen-Milera,DEF,STK,1015507
Jordan Dawson,MID,ADE,992242
Sam Flanders,FWD,STK,1009260
Lachie Whitfield,DEF,GWS,294305
Errol Gulden,MID,SYD,1013128
Max Gawn,RUC,MEL,290528
Connor Rozee,DEF/MID,ADE,1001299
Tristan Xerri,RUC,NTH,1004965
Bailey Smith,MID,GEE,1006130
Tim English,RUC,WBD,1004592
Nic Newman,DEF,CAR,297907
Marcus Bontempelli,MID,WBD,297373
Nick Daicos,MID,COL,1023261
Josh Dunkley,MID,BRL,993834
Izak Rankine,MID/FWD,ADE,1001195
Dayne Zorko,DEF,BRL,261224
Sam Walsh,MID,CAR,1006094
Andrew Brayshaw,MID,FRE,1002232
Kysaiah Pickett,MID/FWD,MEL,1008541
Colby McKercher,DEF,NTH,1024272
Joel Freijah,MID/FWD,WBD,1027704
Gryan Miers,FWD,GEE,1004938
Jack Steele,MID,MEL,296205
Brodie Grundy,RUC,SYD,293957
Nic Martin,MID/FWD,ESS,1012013
Dylan Moore,FWD,HAW,1006314
Zak Butters,MID,ADE,1006121
Christian Petracca,MID/FWD,GCS,298210
Hugh McCluggage,MID,BRL,1000978
Darcy Cameron,RUC,COL,990291
Zach Merrett,MID,ESS,992016
Luke Jackson,RUC,FRE,1009399
Rowan Marshall,RUC,STK,992468
Jack Graham,MID/FWD,WCE,990827
Isaac Heeney,MID,SYD,298539
Miles Bergman,DEF,ADE,1009191
Matt Rowell,MID,GCS,1009208
Noah Anderson,MID,GCS,1009199
Rory Laird,DEF,ADE,293222
Jack Sinclair,DEF,STK,994389
Josh Daicos,DEF,COL,1005054
Lachie Ash,DEF,GWS,1009253
Will Ashcroft,MID,BRL,1023517
Toby Nankervis,RUC,RIC,298174
Christian Salem,DEF,MEL,296359
Adam Treloar,MID/FWD,WBD,291790
Finn Callaghan,MID,GWS,1023266
Jaspa Fletcher,DEF,BRL,1023708
Mason Redman,DEF,ESS,997078
Jarrod Witts,RUC,GCS,291975
Max Holmes,MID,GEE,1015889
Caleb Serong,MID,FRE,1009420
Tim Taranto,MID,RIC,998172
Bailey Dale,DEF,WBD,996708
Jye Caldwell,MID,ESS,1006103
Lachie Neale,MID,BRL,293535
Zac Bailey,MID/FWD,BRL,1002312
George Hewett,MID,CAR,294036
Hayden Young,MID,FRE,1009256
Callum Mills,DEF,SYD,993905
Tom Green,MID,GWS,1009528
Sam Draper,RUC/FWD,BRL,1005577
Jordan Clark,DEF,FRE,1006152
Ed Richards,MID,WBD,1008280
Lloyd Meek,RUC,HAW,1000980
Liam Duggan,DEF,WCE,298268
Luke Davies-Uniacke,MID,NTH,1002267
Adam Cerra,MID,CAR,1002239
Darcy Parish,MID,ESS,993817
Nick Vlastuin,DEF,RIC,294674
James Sicily,DEF,HAW,297566
Karl Amon,DEF,HAW,297354
Clayton Oliver,MID,GWS,996701
Sam Darcy,FWD,WBD,1017126
Nick Blakey,DEF,SYD,1006028
Jy Simpkin,MID/FWD,NTH,993998
Sam Banks,DEF,RIC,1013197
Shaun Mannagh,FWD,GEE,993878
Justin McInerney,MID/FWD,SYD,1011936
Archie Roberts,DEF,ESS,1023515
Jack Ross,MID/FWD,RIC,1006133
Harry McKay,FWD,CAR,1000953
Brent Daniels,FWD,GWS,1002251
Patrick Cripps,MID,CAR,990704
Connor Macdonald,FWD,HAW,1017094
Jeremy Cameron,FWD,GEE,293845
Chad Warner,MID,SYD,1012014
Mattaes Phillipou,FWD,STK,1020137
John Noble,DEF,GCS,1000072
George Wardlaw,MID,NTH,1023477
Tom Liberatore,MID,WBD,290799
Tom McCarthy,DEF,WCE,1036124
Jack Viney,MID,MEL,291902
Tom Stewart,DEF,GEE,291800
Will Day,MID,HAW,1008550
Trent Rivers,DEF,MEL,1009378
Josh Ward,MID,HAW,1017110
Jai Newcombe,MID,HAW,1020895
Darcy Fort,RUC,BRL,298211
Jayden Short,DEF,RIC,992049
Tom Powell,MID,NTH,1011659
Jason Horne-Francis,MID,ADE,1011640
Jarrod Berry,MID,BRL,998133
Jacob Hopper,MID,RIC,993903
Ed Langdon,MID/FWD,MEL,298264
Ollie Wines,MID,ADE,294318
Darcy Wilmot,DEF,BRL,1017067
Luke Ryan,DEF,FRE,998659
Jarman Impey,DEF,HAW,296254
Angus Sheldrick,MID,SYD,1020339
Touk Miller,MID,GCS,298272
Reilly O'Brien,RUC,ADE,297523
Elliot Yeo,MID,WCE,292128
Oliver Hollands,DEF,CAR,1023495
Jordon Sweet,RUC,ADE,992330
Kieren Briggs,RUC,GWS,1008436
Will Setterfield,MID,ESS,998215
Darcy Wilson,MID/FWD,STK,1027875
Tom Atkins,MID,GEE,994386
Jake Soligo,MID,ADE,1017109
Sam Durham,MID,ESS,1015810
Lincoln McCarthy,FWD,BRL,293581
Marcus Windhager,MID,STK,1023270
Jake Bowey,DEF,MEL,1012825
Toby Greene,FWD,GWS,295344
Matthew Kennedy,MID,WBD,1001398
Steele Sidebottom,MID,COL,280965
Matt Roberts,DEF,SYD,1012210
Jordan Ridley,DEF,ESS,1001026
Charlie Curnow,FWD,SYD,996731
Scott Pendlebury,MID,COL,260257
Stephen Coniglio,MID,GWS,291969
Jack Macrae,MID,STK,295467
Callum Wilkie,DEF,STK,296422
Josh Worrell,DEF,ADE,1011981
Nick Bryan,RUC,ESS,1011954
Liam Baker,DEF,WCE,1000223
Ned Long,MID,COL,1017124
Joel Jeffrey,DEF,GCS,1005992
Luke Parker,MID,NTH,290778
Caleb Daniel,DEF,NTH,295136
Jack Crisp,MID,COL,293871
Kane Farrell,DEF,ADE,1002253
Bradley Hill,MID/FWD,STK,295584
Harvey Langford,MID,MEL,1028546
Levi Ashcroft,MID,BRL,1028560
Will Brodie,MID,ADE,998129
Ned Reeves,RUC,HAW,1001024
Oliver Dempsey,MID,GEE,1025034
Matt Flynn,RUC,WCE,993902
Willem Drew,MID,ADE,1000972
Sean Darcy,RUC,FRE,998145
Tom De Koning,RUC,STK,1004912
Massimo D'Ambrosio,MID,HAW,1005144
Keidean Coleman,DEF,BRL,1006059
Bailey Williams,DEF/MID,WBD,992351
Josh Rachele,FWD,ADE,1017051
James Peatling,MID,ADE,1006013
Mitchell Hinge,DEF,ADE,1004863
Marc Pittonet,RUC,CAR,298290
Jake Lloyd,MID,SYD,295342
Caleb Windsor,DEF,MEL,1027821
Sam Lalor,FWD,RIC,1028491
Conor Nash,MID,HAW,1007124
Cam Mackenzie,MID,HAW,1023482
Daniel Rioli,DEF,GCS,1000981
Mark Blicavs,RUC,GEE,296733
Brayden Fiorini,MID,ESS,993799
James Rowbottom,MID,SYD,1006126
Andrew McGrath,DEF,ESS,998102
Oskar Baker,DEF/MID,WBD,1008855
Nicholas Madden,RUC,GWS,1023743
Ryan Maric,DEF,WCE,1029416
Dion Prestia,MID,RIC,290627
Kane McAuliffe,MID,RIC,1019916
James Worpel,MID,GEE,1002222
Ned Moyle,RUC,GCS,1021013
Aaron Naughton,FWD,WBD,1002404
Zac Williams,FWD,CAR,294685
Josh Kelly,MID,GWS,296347
Dan Houston,DEF,COL,994295
Harry Rowston,MID,GWS,1021122
Harley Reid,MID,WCE,1023492
Jack Gunston,FWD,HAW,291351
Zach Guthrie,DEF,GEE,1004870
Nick Haynes,DEF,CAR,295265
Hunter Clark,MID,STK,1002264
Mitch Georgiades,FWD,ADE,1010174
Lachlan McAndrew,RUC,ADE,1021200
Wayne Milera,DEF,ADE,990882
Xavier Duursma,MID,ESS,1006096
Riley Thilthorpe,FWD,ADE,1008384
Adam Saad,DEF,CAR,295461
Josh Weddle,DEF,HAW,1027935
Blake Acres,MID,CAR,296294
Jordan De Goey,MID/FWD,COL,994185
Lachlan Cowan,DEF,CAR,1021353
Xavier Lindsay,MID,MEL,1028531
Nathan O'Driscoll,MID,FRE,1013220
Vigo Visentini,RUC,ESS,1027966
Jase Burgoyne,DEF/MID,ADE,1013462
Tanner Bruhn,MID,GEE,1012805
Alex Davies,MID,GCS,1013268
Hugo Garcia,MID,STK,1027790
Cooper Lord,MID,CAR,1032108
Ben Keays,FWD,ADE,993946
Brady Hough,DEF/MID,WCE,1023167
Shai Bolton,MID/FWD,FRE,993993
Brayden Maynard,DEF,COL,992010
Jack Ginnivan,FWD,HAW,1012857
Toby Conway,RUC,GEE,1017063
Harry Himmelberg,DEF,GWS,993107
Jaime Uhr-Henry,RUC,HAW,1039499
Tom Campbell,RUC,MEL,290246
Judd McVee,DEF,FRE,1017703
Harry Morrison,MID,HAW,1000963
William Green,RUC,SYD,1027901
Harris Andrews,DEF,BRL,996059
Cam Rayner,FWD,BRL,1002235
Lachlan Sholl,MID,ADE,1006136
Tom Papley,FWD,SYD,996765
Lachlan Bramble,DEF,WBD,1000864
Wil Powell,DEF,GCS,1007881
Steven May,DEF,MEL,281085
Alex Neal-Bullen,FWD,ADE,296420
Max Knobel,RUC,GCS,1027701
Kalani White,RUC/FWD,MEL,1033572
Zane Zakostelsky,DEF/RUC,BRL,1032650
Sam Berry,MID,ADE,1012807
Luke McDonald,DEF,NTH,296355
Toby Murray,FWD,ADE,1020950
Ryley Sanders,MID/FWD,WBD,1017939
Lachlan Smith,RUC,WBD,1027702
Louis Emmett,RUC,WBD,1033076
Peter Ladhams,RUC/FWD,SYD,997142
Taylor Goad,RUC,NTH,1031506
Lawson Humphries,DEF,GEE,1013464
Oscar Steene,RUC/FWD,COL,1022844
Iliro Smit,RUC,COL,1027834
Zac McCarthy,RUC/FWD,COL,1030442
Matthew Johnson,MID,FRE,1016825
Ivan Soldo,RUC/FWD,ADE,998529
Sam Davidson,MID,WBD,1036123
Logan Smith,RUC,GWS,1032161
Tim Kelly,MID/FWD,WCE,295898
Rhys Stanley,RUC,GEE,280317
Jake Waterman,FWD,WCE,996554
Josh Battle,DEF,HAW,998134
Connor Budarick,FWD,WBD,1008454
Connor Idun,DEF,GWS,1008083
James Jordon,MID,SYD,1013409
Jesse Hogan,FWD,GWS,296324
Blake Hardwick,DEF,HAW,993794
Patrick Lipinski,MID/FWD,COL,1003130
Oliver Hayes-Brown,RUC,RIC,1035199
Xavier O'Halloran,MID,GWS,1006135
Mark Keane,DEF,ADE,1013974
Oliver Florent,MID,CAR,998103
Ben Ainsworth,FWD,CAR,998130
Bodhi Uwland,DEF,GCS,1017665
Cooper Simpson,DEF,FRE,1027656
Kade Chandler,FWD,MEL,1005330
James Harmes,MID,WBD,297899
Tom Cole,DEF,WCE,993820
Jamie Elliott,FWD,COL,293801
George Stevens,MID,GEE,1023681
Riley Bice,DEF,SYD,1008224
Elijah Hewett,MID,WCE,1020670
Henry Hustwaite,MID,HAW,1023680
Nick Larkey,FWD,NTH,1001017
Neil Erasmus,MID,FRE,1020250
Daniel Curtin,MID,ADE,1024023
Lachie Schultz,FWD,COL,1000860
Elijah Tsatas,MID,ESS,1023785
Sam Clohesy,MID,GCS,1013257
Paddy Dow,MID,STK,1002256
Elijah Hollands,FWD,CAR,1012862
Paul Curtis,FWD,NTH,1002947
Josh Treacy,FWD,FRE,1012819
Bailey J. Williams,RUC/FWD,WCE,1006114
Liam Reidy,RUC/FWD,CAR,1023346
Isaac Cumming,MID,ADE,1001396
Jai Culley,MID,MEL,1020802
Jamie Cripps,FWD,WCE,290826
Finn O'Sullivan,DEF/MID,NTH,1028495
Corey Wagner,MID,FRE,993940
Harry Perryman,DEF,COL,998205
Hugo Ralphsmith,MID,RIC,1011985
Peter Wright,FWD,ESS,298289
Bayley Fritsch,FWD,MEL,1001438
Mason Wood,MID/FWD,STK,295340
Zach Reid,DEF,ESS,1012817
Ryan Angwin,MID,GWS,1015777
Cameron Zurhaar,FWD,NTH,998484
Riley Garcia,MID/FWD,WBD,1006533
Angus Clarke,DEF/MID,ESS,1027284
Dylan Stephens,MID,NTH,1004848
Mitch McGovern,DEF,CAR,297255
Rhylee West,FWD,WBD,1006127
Jeremy Howe,DEF,COL,291313
Dante Visentini,RUC,ADE,1017128
Bailey Humphrey,MID/FWD,GCS,1023500
Jack Scrimshaw,DEF,HAW,998114
Max Hall,FWD,STK,1020855
Jaxon Prior,DEF,ESS,1009386
Jacob Weitering,DEF,CAR,993832
Jack Bowes,MID,GEE,998260
Will Hayward,FWD,CAR,997100
Mitchell Edwards,RUC,GEE,1024304
Zac Fisher,FWD,NTH,999827
Joe Pike,RUC,GEE,1027854
Matthew Cottrell,MID/FWD,CAR,1008154
Patrick Dangerfield,FWD,GEE,270917
Kai Lohmann,FWD,BRL,1014026
Jaeger O'Meara,MID,FRE,294613
Saad El-Hawli,MID,ESS,1015919
Jake Riccardi,RUC/FWD,GWS,1008123
Ryan Byrnes,DEF,STK,1011994
Cooper Sharman,FWD,STK,1018018
Jayden Laverde,DEF,GWS,298280
Tyson Stengle,FWD,GEE,997230
Jackson Mead,MID,ADE,1005326
Riley Hardeman,DEF,NTH,1023625
Joe Richards,FWD,ADE,1008239
Taj Hotton,FWD,RIC,1032106
Charlie Cameron,FWD,BRL,990609
Max Michalanney,DEF,ADE,1015370
Jack Darling,FWD,NTH,290838
Kyle Langford,FWD,ESS,298630
Cody Weightman,FWD,WBD,1011803
Noah Answerth,DEF,BRL,1005053
Bailey Scott,MID,NTH,1006058
Logan McDonald,FWD,SYD,1013230
Isaac Quaynor,DEF,COL,1008089
Darcy Jones,FWD,GWS,1020650
Billy Dowling,MID/FWD,ADE,1015329
Jeremy Sharp,MID,FRE,1009380
Seth Campbell,FWD,RIC,1023275
Harry Barnett,RUC,WCE,1020057
Cooper Duff-Tytler,RUC/FWD,WCE,1028725
Taylor Adams,FWD,SYD,291776
Nathan Broad,DEF,RIC,295203
Hugh Boxshall,MID,STK,1029148
Mani Liddy,MID,ADE,1008649
Callum Ah Chee,FWD,ADE,298437
Toby Bedford,MID/FWD,GWS,1008139
Tom Lynch,FWD,RIC,293813
Mabior Chol,FWD,HAW,994077
Sam Switkowski,FWD,FRE,992059
Tom Sparrow,FWD,MEL,999391
Jamarra Ugle-Hagan,FWD,GCS,1009301
Aidan Corr,DEF,NTH,294508
Tom McDonald,DEF,MEL,291533
Clay Hall,MID,WCE,1024188
Ryan Lester,DEF,BRL,291548
Jack Hutchinson,MID,WCE,1036098
Jacob Wehr,DEF/MID,ADE,1004530
Heath Chapman,DEF,FRE,1013224
Edward Allan,MID,COL,1022915
Jack Lukosius,FWD,ADE,1004095
Taylor Walker,FWD,ADE,280506
Ewan Mackinlay,MID,ADE,1027887
Logan Morris,FWD,BRL,1028019
Brody Mihocek,FWD,MEL,291849
Charlie Comben,DEF,NTH,1015781
Patrick Voss,FWD,FRE,1017754
Luke Nankervis,MID,ADE,1021031
Oscar Allen,FWD,BRL,1004385
Darcy Fogarty,FWD,ADE,999331
Reuben Ginbey,DEF,WCE,1023025
Dane Rampe,DEF,SYD,290307
Mitch Knevitt,MID,GEE,1021103
Brodie Kemp,FWD,CAR,1009241
Ben King,FWD,GCS,1006144
Callum Coleman-Jones,RUC,NTH,1000061
Sam Powell-Pepper,FWD,ADE,993979
Lachie Weller,MID,GCS,298524
Tyler Sonsie,MID/FWD,RIC,1017114
Hayden McLean,FWD,SYD,1003203
Murphy Reid,FWD,FRE,1028513
Eric Hipwood,FWD,BRL,993953
Nick Coffield,DEF,WBD,1005717
Tom Gross,MID/FWD,WCE,1028561
Josh Goater,DEF,NTH,1017118
Aaron Cadman,FWD,GWS,1019038
Liam Ryan,FWD,STK,1004364
Archie Perkins,FWD,ESS,1015873
Rhyan Mansell,FWD,RIC,1008478
Matthew Carroll,DEF,CAR,1027964
Braeden Campbell,FWD,SYD,1013133
Jake Lever,DEF,MEL,298281
Jake Stringer,FWD,GWS,293884
Joel Amartey,FWD,SYD,1008091
Karl Worner,DEF,FRE,1021015
Mitch Lewis,FWD,HAW,1000887
Samson Ryan,RUC,RIC,1012386
Ben Long,FWD,GCS,993917
Aliir Aliir,DEF,ADE,294469
Campbell Chesser,MID,CAR,1017057
Mitch Owens,FWD,STK,1023272
James Trezise,MID,RIC,1031829
Logan Evans,DEF,ADE,1019938
Sam Marshall,MID,BRL,1028520
Tom Doedee,DEF,BRL,1000932
Sam Wicks,DEF,SYD,1006232
Mac Andrew,DEF,GCS,1017396
Jack Martin,FWD,GEE,296190
Sam Butler,MID/FWD,HAW,1010708
Daniel Turner,DEF,MEL,1020959
Harry Cunningham,DEF,SYD,291978
Mark O'Connor,DEF,GEE,1007102
Jacob van Rooyen,FWD,MEL,1017720
Changkuoth Jiath,DEF,MEL,998390
Brad Close,FWD,GEE,999326
Will Lorenz,MID,ADE,1029262
Jake Melksham,FWD,MEL,280824
Hamish Davis,MID,WCE,1032624
Harvey Thomas,FWD,GWS,1027925
Francis Evans,FWD,CAR,1017255
Michael Frederick,FWD,FRE,999321
Harry Schoenberg,MID,WCE,1008543
Jack Silvagni,DEF,STK,1001028
Darcy Byrne-Jones,FWD,ADE,991930
Todd Marshall,FWD,ADE,1004998
Shannon Neale,FWD,GEE,1016433
Will Graham,FWD,GCS,1026960
Callum Brown,FWD,GWS,1014038
Jack Higgins,FWD,STK,1002227
Bruce Reville,MID,BRL,1009317
Noah Balta,DEF/FWD,RIC,1002245
Ben Miller,DEF,RIC,1002403
Tom Brown,DEF,RIC,1017086
Daniel McStay,FWD,COL,297504
Jack Payne,DEF,BRL,1002347
Sam Taylor,DEF,GWS,1005247
Jhye Clark,MID,GEE,1023537
Jade Gresham,FWD,ESS,298421
Bailey Banfield,DEF,FRE,998180
Nik Cox,MID,ESS,1015827
Luke Trainor,DEF,RIC,1028521
Oliver Henry,FWD,GEE,1012860
Tim Membrey,FWD,COL,294596
Liam McMahon,FWD,ESS,1012842
Tai Hayes,MID/FWD,BRL,1040584
Toby Pink,DEF,NTH,1002138
Harvey Gallagher,DEF,WBD,1017087
Isaac Kako,FWD,ESS,1028554
Tom McCartin,DEF,SYD,1008198
Kaleb Smith,DEF,RIC,1022999
Finlay Macrae,MID/FWD,WCE,1012828
Jack Carroll,MID,STK,1013233
Caiden Cleary,FWD,SYD,1024057
Conor McKenna,FWD,BRL,997846
Lachie Fogarty,FWD,CAR,1002228
Reece Torrent,MID,BRL,1024187
Angus Anderson,MID,COL,1023744
Jack Henry,DEF,GEE,1000937
Nick Watson,FWD,HAW,1023473
Finn Maginness,FWD,HAW,1009421
Beau McCreery,FWD,COL,1004757
Charlie Spargo,FWD,NTH,1002282
Chayce Jones,MID,ADE,1006203
Tyrell Dewar,DEF/MID,WCE,1023142
Brandon Walker,DEF,FRE,1009410
Flynn Young,FWD,CAR,1020877
Riley Onley,MID,MEL,1033093
Daniel Annable,MID,BRL,1029326
Josh Sinn,DEF,ADE,1017078
Cody Anderson,MID,HAW,1028566
Jesse Motlop,FWD,CAR,1017700
Toby McMullin,MID,GWS,1027971
Zak Johnson,DEF,ESS,1028519
Billy Cootee,MID,SYD,1007053
Darcy Gardiner,DEF,BRL,296269
Harry DeMattia,MID,COL,1027673
Dyson Sharp,MID,ESS,1027168
Andy Moniz-Wakefield,DEF,MEL,1013165
Jagga Smith,MID,CAR,1028515
Koby Evans,MID,BRL,1037376
Nate Caddy,FWD,ESS,1027899
Bobby Hill,FWD,COL,1006148
Sullivan Robey,MID/FWD,ESS,1043261
Jack Dalton,MID,HAW,1033042
Matthew LeRay,MID,HAW,1027145
Oliver Greeves,MID,HAW,1033071
Liam Stocker,DEF,STK,1008312
Ben Camporeale,MID,CAR,1027282
Luke Beecken,MID,BRL,1008805
Luke Kennedy,MID,WBD,1032112
Tom Anastasopoulos,FWD,ADE,1027870
Hugo Mikunda,MID/FWD,NTH,1036403
Jack Ison,MID,CAR,1033066
Luke Urquhart,MID,NTH,1029281
Sam Swadling,MID,COL,1037021
Tyan Prindable,MID,COL,1042013
Brennan Cox,DEF,FRE,997033
Tom Barrass,DEF,HAW,990290
Hunter Holmes,MID,GEE,1038922
Jack Watkins,MID,ADE,1012002
Harley Barker,MID,GEE,1026983
Harrison Jones,MID/FWD,ESS,1011755
Lucca Grego,DEF,WCE,1018992
Nicholas Driscoll,MID,GEE,1033039
Jack Williams,FWD,WCE,1020371
Jake Kolodjashnij,DEF,GEE,296291
Billy Wilson,DEF,CAR,1027678
Brandon Starcevich,DEF,WCE,1002401
Blake Howes,DEF,MEL,1017122
Patrick Retschko,MID,RIC,1032081
Jack Ough,MID,GWS,1028539
Josh Smillie,MID,RIC,1028572
Jobe Shanahan,FWD,WCE,1031913
Jevan Phillipou,MID,SYD,1032354
Dougal Howard,DEF,STK,993480
Bailey Laurie,FWD,MEL,1012826
Jordan Croft,FWD,WBD,1013996
Zeke Uwland,DEF/MID,GCS,1029297
Luke Cleary,DEF,WBD,1015929
Kye Fincher,DEF/MID,STK,1033048
Riley Hamilton,MID/FWD,GWS,1029046
Shadeau Brain,DEF,BRL,1028105
Beau Addinsall,MID,GCS,1032398
Jai Murray,MID,GCS,1029307
Rory Lobb,DEF,WBD,990740
Harry O'Farrell,DEF,CAR,1028526
Cameron Nairn,MID/FWD,HAW,1032408
Jye Amiss,FWD,FRE,1020594
Shane McAdam,FWD,MEL,298470
Noah Roberts-Thompson,MID,RIC,1026974
Christian Moraes,MID,ADE,1028563
Bailey Macdonald,DEF,HAW,1029261
Koby Coulson,MID,GCS,1033555
Roan Steele,MID,COL,1027501
Tylar Young,DEF,WCE,1018433
Samuel Cumming,MID,RIC,1027099
Samuel Grlj,DEF/MID,RIC,1036579
Toby Whan,MID,FRE,1033719
Sam Collins,DEF,GCS,295446
Lachie Jones,DEF,ADE,1011583
Matt Hill,DEF,HAW,1039500
Liam Henry,FWD,STK,1005988
Willem Duursma,MID,WCE,1033115
Ben Jepson,MID,GCS,1011950
Malcolm Rosas,FWD,SYD,1005986
Oliver Wiltshire,FWD,GEE,1020881
Jacob Konstanty,FWD,NTH,1023530
Adam Sweid,MID,FRE,1030311
Lucas Camporeale,MID,CAR,1022452
Corey Warner,MID/FWD,SYD,1018424
Jack Buckley,DEF,GWS,1009708
Charlie Banfield,MID/FWD,STK,1036769
Fred Rodriguez,FWD,WCE,1033704
Jed Bews,DEF,GEE,293883
Brayden George,FWD,NTH,1023544
Connor O'Sullivan,DEF,GEE,1027877
Cooper Trembath,FWD,NTH,1031988
Jonty Faull,FWD,RIC,1028498
Sam Sturt,FWD,FRE,1013611
Dan Butler,FWD,STK,992374
Lewis Melican,DEF,SYD,996743
Nick Holman,MID/FWD,GCS,297456
Christopher Scerri,MID/FWD,FRE,1040573
Leon Kickett,MID/FWD,FRE,1032862
Luke Pedlar,FWD,ADE,1012218
Laitham Vandermeer,FWD,WBD,1005000
Matt Guelfi,FWD,ESS,996232
Jack Henderson,FWD,MEL,1008183
Archer May,FWD,ESS,1029084
Zac Taylor,FWD,ADE,1017065
Brayden Cook,MID/FWD,ADE,1018335
Nathan Wardius,FWD,GWS,1034066
Benny Barrett,MID,ADE,1022601
Brandon Zerk-Thatcher,DEF,ADE,1004034
Buku Khamis,DEF/FWD,WBD,998782
Joe Fonti,DEF,GWS,1032629
Jordan Boyd,DEF,CAR,1002795
Griffin Logue,DEF,NTH,997933
Harrison Petty,FWD,MEL,1008893
Harvey Harrison,FWD,COL,1015332
Koltyn Tholstrup,FWD,MEL,1023640
Bodie Ryan,DEF,HAW,1022473
Maurice Rioli,FWD,RIC,1009551
Sam Allen,MID/FWD,WCE,1033063
Latrelle Pickett,FWD,MEL,1022677
Tom Hanily,FWD,SYD,1027687
Charlie Ballard,DEF,GCS,1008882
Jackson Archer,DEF,NTH,1020968
Lewis Hayes,DEF,ESS,1023487
Michael Sellwood,DEF,WBD,1020621
Phoenix Gothard,FWD,GWS,1032042
William McCabe,DEF,HAW,1022410
James Tunstill,MID,BRL,1021108
Oscar Berry,DEF,MEL,1005152
Rob Monahan,FWD,CAR,1035129
James O'Donnell,DEF,WBD,1032966
Thomas Edwards,FWD,ESS,1018323
Sam De Koning,DEF,GEE,1009229
Mitch Zadow,FWD,PTA,1029603
Jakob Ryan,DEF,COL,1020104
Jesse Mellor,FWD,GEE,1033087
Oliver Hannaford,MID/FWD,GWS,1028485
Patrick Said,MID/FWD,STK,1028514
Ricky Mentha,DEF/FWD,MEL,1029211
River Stevens,MID/FWD,NTH,1031989
Thomas Matthews,FWD,MEL,1034214
Alex Pearce,DEF,FRE,298409
Ben Murphy,DEF,BRL,1044596
Conor Stone,DEF,GWS,1015862
Tobyn Murray,FWD,FRE,1027844
Alixzander Tauru,DEF,STK,1030433
Lachy Dovaston,FWD,NTH,1033060
Ned Bowman,FWD,SYD,1027406
Robert Hansen Jr,MID/FWD,NTH,1023144
Tobie Travaglia,DEF/MID,STK,1028538
Cooper Harvey,FWD,NTH,1020979
Jaren Carr,FWD,FRE,1023047
Joel Cochran,DEF,COL,1029000
Keighton Matofai-Forbes,DEF/FWD,GEE,1032141
Esava Ratugolea,DEF,ADE,1002220
Isaiah Dudley,FWD,FRE,1011558
Max Ramsden,FWD,HAW,1027965
Caleb Lewis,FWD,GCS,1017493
Lachie Jaques,DEF,WBD,1028493
Max Heath,RUC/FWD,MEL,1015886
Aidan Schubert,RUC/FWD,HAW,1031492
Harrison Oliver,DEF,GWS,1028562
Jay Polkinghorne,FWD,GEE,1027428
Jy Farrar,FWD,GCS,999715
Lachlan Gulbin,FWD,GCS,1029304
Xavier Taylor,DEF,MEL,1033072
Cody Curtin,FWD,BRL,1036780
Harry Charleson,DEF/MID,CAR,1028496
Oscar Ryan,DEF,ADE,1027893
Matthew Owies,FWD,WCE,1013973
Charlie Edwards,DEF/MID,ADE,1028671
Cillian Burke,DEF,GEE,1039509
Finnegan Davis,DEF,GWS,1033070
Harry Kyle,DEF/MID,SYD,1037405
Jacob Molier,RUC,GEE,1027006
Joe Berry,FWD,ADE,1028529
Wil Parker,DEF,COL,1012873
Lennox Hofmann,DEF,GEE,1032114
Noah Howes,FWD,COL,1022614
Eamonn Armstrong,DEF,STK,1039730
Indy Cotton,FWD,ADE,1044595
Tyler Welsh,FWD,ADE,1022447
Darcy Moore,DEF,COL,298288
Jai Saxena,FWD,COL,1033835
Mitchell Marsh,FWD,ADE,1031747
Alex Dodson,FWD,STK,1027011
Anthony Caminiti,DEF,STK,1023784
Leek Aleer,DEF,GWS,1008691
Max King,FWD,SYD,1029015
Noah Chamberlain,FWD,SYD,1033013
Talor Byrne,MID/FWD,CAR,1036426
Deven Robertson,FWD,WCE,1009385
Lachlan Carmichael,DEF/MID,WBD,1033626
Aiden Riddle,RUC,FRE,1028228
Asher Eastham,FWD,GCS,1028541
Jedd Busslinger,DEF,WBD,1023017
Lachlan Sullivan,FWD,COL,998480
Liam Hetherton,FWD,SYD,1033612
Oskar Taylor,DEF,GWS,1036379
Tyler Brockman,FWD,WCE,1013511
Cody Angove,FWD,GWS,1032619
Noah Long,FWD,WCE,1023496
Hussien El Achkar,FWD,ESS,1030308
Charlie Nicholls,FWD,FRE,1027155
Jacob Farrow,DEF/MID,ESS,1034305
Kayle Gerreyn,RUC,ESS,1029159
Max Kondogiannis,DEF,ESS,1036584
Zak Evans,MID,GCS,1038801
Archie Ludowyke,FWD,ADE,1033053
Kobe McDonald,DEF,STK,1044597
Ryda Luke,FWD,FRE,1037928
Jack Buller,FWD,COL,1009392
Corey Durdin,FWD,ADE,1008510
Calsher Dear,FWD,HAW,1032100
Mykelti Lefau,FWD,RIC,1008747
Sid Draper,MID/FWD,ADE,1022607
Ben McKay,DEF,ESS,1002143
Avery Thomas,DEF,GCS,1030438
Dylan Patterson,DEF,GCS,1033568
Tylah Williams,MID/FWD,WCE,1037004
Harry Edwards,DEF,WCE,1011437
Josh Lai,MID,ADE,1040300
Lewis Young,DEF,CAR,997316
William Hayes,FWD,COL,1032922
Balyn O'Brien,DEF,PTA,1032329
Billy Frampton,DEF,COL,991773
Josh Lindsay,DEF,WCE,1033078
Zane Peucker,MID/FWD,RIC,1027367
Sandy Brock,DEF,WCE,1013315
Wil Dawson,DEF,NTH,1028551
Elliott Himmelberg,FWD,GCS,1005199
Oscar McDonald,DEF,FRE,992472
Harry Sharp,FWD,MEL,1007099
Judson Clarke,FWD,RIC,1017043
Bo Allan,DEF,WCE,1028449
Campbell Gray,DEF,RIC,1036103
Lachlan McNeil,FWD,WBD,1009015
Max Gruzewski,FWD,GWS,1027921
Tom Cochrane,FWD,ADE,1022371
Rhett Bazzo,DEF,WCE,1017718
Jesse Dattoli,FWD,SYD,1029589
Ryan Gardner,DEF,WBD,997501
Angus Hastie,DEF,STK,1027872
Liam O'Connell,DEF,STK,1035198
Zane Duursma,DEF/FWD,NTH,1023494
Archer Day-Wicks,FWD,ESS,1029265
Finnbar Maley,FWD,ADE,1031792
Ashton Moir,FWD,CAR,1020097
Darragh Joyce,DEF,BRL,1003520
Jayden Nguyen,DEF,ESS,1018987
Oisin Mullin,DEF/MID,GEE,1024982
Ty Gallop,FWD,BRL,1034411
Blake Thredgold,DEF,NTH,1031718
Jack Whitlock,FWD,ADE,1032053
Will McLachlan,FWD,BRL,1029405
Matthew Jefferson,FWD,MEL,1023486
Jasper Alger,FWD,RIC,1028537
Steely Green,FWD,RIC,1023056
Luker Kentfield,FWD,MEL,1024337
Josaia Delana,FWD,GWS,1029030
William Edwards,DEF,SYD,1017757
Zac Walker,DEF,WBD,1041619
Arthur Jones,MID/FWD,WBD,1020586
Jacob Newton,FWD,WCE,1022486
Luke Lloyd,FWD,BRL,1027985
Jake Rogers,FWD,GCS,1018123
Jed Walter,FWD,GCS,1023736
Lachlan Blakiston,DEF,ESS,1028196
Matt Duffy,DEF,CAR,1039720
Ethan Read,FWD,GCS,1027033
Noah Mraz,DEF,HAW,1028643
Will Darcy,DEF/FWD,WBD,1042728
Jed Adams,DEF,MEL,1023174
Mason Cox,RUC/FWD,FRE,998647
Patrick Snell,DEF/FWD,SYD,1024685
Henry Smith,FWD,BRL,1016189
Isaac Keeler,FWD,STK,1015323
Jai Serong,DEF,SYD,1017091
Cooper Hynes,FWD,WBD,1029456
Zac Banch,FWD,NTH,1020930
James Barrat,DEF/FWD,STK,1028545
James Leake,DEF/FWD,GWS,1032119
Riak Andrew,DEF,SYD,1027659
Tew Jiath,DEF,COL,1032017
Harry Armstrong,FWD,RIC,1028525
Hugh Bond,DEF,ADE,1023534
Wade Derksen,DEF,CAR,1016140
Leonardo Lombard,FWD,GCS,1029301
Jacob Moss,DEF,ADE,1038914
Cooper Bell,DEF/FWD,GCS,1029065
Ollie Lord,FWD,ADE,1012881
Xavier Walsh,FWD,ADE,1029158
Harvey Johnston,DEF,WCE,1027969
Caleb Graham,DEF,GCS,1006087
Harry Dean,DEF,CAR,1033084
Ollie Murphy,DEF,FRE,1027990
Matt Whitlock,DEF/FWD,NTH,1028547
Rhys Unwin,FWD,ESS,1032023
Reef McInnes,DEF,COL,1013278
Hudson O'Keeffe,FWD,CAR,1023489
Liam Fawcett,FWD,RIC,1022383
Jordon Butts,DEF,ADE,1004995
Lance Collard,FWD,STK,1017959
James Borlase,DEF,ADE,1009029
Nick Murray,DEF,ADE,1008230
Joel Hamling,DEF,SYD,295222
Josh Dolan,FWD,WBD,1034235
Thomas Sims,FWD,RIC,1018996
Josh Gibcus,DEF,RIC,1017059
Malakai Champion,FWD,WCE,1029136
Aidan Johnson,FWD,MEL,1024173
Harrison Ramm,DEF,ADE,1027311
Archer Reid,FWD,WCE,1027693
Joshua Draper,DEF,FRE,1020668
Charlie West,FWD,COL,1027382
Oscar Adams,DEF,GCS,1015515
Hugh Davies,DEF,FRE,1022927
James Blanck,DEF,HAW,1011839
Alex Condon,RUC,COL,mega_alexcondon
